Carl,Marsh,Hafizabad,0800 1111
Hiram,Allen,Bally,0800 1111
Colt,Reese,Clearwater Municipal District,(027) 0322 6716
MacKensie,Weiss,Bad Kreuznach,076 6214 1895
Myles,Calderon,Guarapuava,0800 1111
Janna,Hendrix,Pudukkottai,056 5500 6959
Colby,Melton,Corvino San Quirico,0500 372358
Eve,Mcpherson,Charny,0800 143348
Neve,Kemp,Salvador,07743 103766
Ishmael,Simon,Balsas,0800 673665
Quinlan,Gillespie,Yumbel,070 2626 7771
Kerry,Allen,Rueil-Malmaison,07804 692386
Cadman,Gray,Vejano,07768 253075
Haviva,Doyle,Hall in Tirol,076 9913 5244
Gabriel,Mclean,Meise,0800 211 2048
Hunter,Cabrera,Folx-les-Caves,0500 355295
Ralph,Reed,Grande Prairie,055 7709 8663
Orson,Blevins,Casalbuono,055 1069 9413
Shelly,Burch,Piovene Rocchette,0800 1111
Brennan,Foley,Whitby,(01995) 392405
Amena,Gomez,Penrith,(025) 9269 2078
Hannah,Rice,Zoerle-Parwijs,(0117) 491 1841
Wesley,Cain,Hulste,(028) 1086 6245
Doris,Bass,Florianópolis,0800 1111
Josephine,Wagner,Zeebrugge,(027) 4266 6043
Taylor,Case,Lago Verde,0500 463902
Kiona,Russell,Jolanda di Savoia,0500 541028
Barrett,Murray,Bovigny,(0101) 071 8162
Cora,Nunez,Camrose,0961 040 9761
Hedley,Campos,Pickering,(01316) 120453
Velma,Frost,Lecce,07880 522956
Daria,Ellison,Borgomasino,0800 1111
Jaden,Mcdowell,Kirkland,055 5996 9229
Ivy,Morton,Eksaarde,0845 46 41
Carol,Sherman,Chañaral,0800 1111
Melvin,Mercado,Quinta de Tilcoco,0800 622 9435
Jaime,Walker,Fermont,(016977) 3510
Cyrus,Pennington,Nerem,(01973) 549563
Camden,Shields,Wetteren,(01809) 34774
Sloane,Dotson,Elen,(01484) 51449
Xanthus,Landry,Penzance,070 9509 8342
Taylor,Doyle,Arlon,(016236) 58729
Magee,Sampson,Peumo,0800 680827
Haley,Poole,Stratford,055 8889 6241
Herrod,Green,Vedrin,(016977) 0426
Knox,Dixon,North Bay,(0111) 167 9829
Kirestin,Neal,Turriff,07369 157956
Jorden,Mejia,Bhimavaram,(011510) 39226
Colton,Mcguire,Nieuwkapelle,0999 523 5834
Cassady,Sampson,Neu-Isenburg,0879 749 9771
Tyler,Hatfield,Sint-Lambrechts-Herk,07812 417539
Reese,Underwood,Bunbury,070 6694 8913
Gloria,Espinoza,Arrone,(012357) 73296
Brielle,Schwartz,Aosta,(0111) 346 1223
Rahim,Mosley,Rochester,0324 778 5637
Peter,Ray,Ceranesi,(0121) 249 9634
Raymond,Beck,Würzburg,07224 902800
Blaze,Newman,Wollongong,(0101) 213 5139
Simon,Thompson,Pordenone,(0111) 658 4170
Russell,Black,Rutland,055 9612 7642
Rebecca,Leach,Miami,(0118) 431 7739
Samson,Quinn,Aix-en-Provence,0500 421680
Lunea,Frost,Ahrensburg,055 1875 8776
Blake,Sullivan,Nellore,076 6011 9977
Tatiana,Hampton,Caucaia,(013571) 23637
Alika,Lindsay,Tourinne,0309 977 6354
Steven,Cantu,Parkland County,07522 780405
Britanni,Merrill,Recife,(01339) 77073
Jelani,Travis,Rovereto,(013019) 25677
Pamela,Levy,Appels,0310 661 4967
Orlando,Fitzpatrick,Isca sullo Ionio,0845 46 46
Nyssa,Nguyen,Autelbas,0845 46 48
Nicholas,Walton,Montbliart,(01954) 39235
Louis,Strong,Waiuku,0800 104 1335
Molly,Moore,Sulzbach,0800 736 3914
Brady,Gould,Tranent,0845 46 41
Wayne,Ochoa,Gore,055 0213 7268
Amanda,Spencer,Sankt Johann im Pongau,0500 053538
Jeanette,Oliver,Zaventem,07407 827631
Orlando,Roth,Chanco,07643 891585
Whoopi,Warren,Canberra,(01444) 882332
Christine,Fitzpatrick,Göteborg,07624 681312
September,Farrell,Tourinnes-la-Grosse,(019841) 36737
Caryn,Roy,Sint-Gillis-bij-Dendermonde,055 6572 0913
Jayme,Gonzales,Providencia,0800 110 5724
Demetria,Herman,Werbomont,(01628) 50033
Maia,Walls,The Hague,0845 46 41
Quincy,Martinez,Burnpur,0387 691 9634
Kermit,Atkinson,Châlons-en-Champagne,(0111) 442 8270
Amir,Patton,Dibrugarh,0500 106881
Brian,Estes,Coihueco,070 8704 9387
Jolie,Sweet,Oberursel,056 3816 7672
Heather,Suarez,New Plymouth,0335 606 6014
Galvin,Owens,Vaux-sous-ChŽvremont,0981 461 7198
Maxwell,Burke,Windermere,07355 702885
Vance,Whitehead,Gilly,0317 688 3860
Xanthus,Pruitt,Sadiqabad,076 6930 0184
Amery,Hinton,Gillette,0800 945 6925
Adrian,Buckner,Gouy-lez-PiŽton,(016977) 0161
Chandler,Cooper,Argyle,(0111) 784 7323
